paper_id,outcome,metric,value,ci,p,locator
A--Abdullahi-2025,Studies included in the systematic review after screening,included studies,60,,,"Sect. III-B Stage 2 Screening Process, p. 6"
A--Abdullahi-2025,Unique records retrieved and reviewed during screening,screened records,183,,,"Sect. III-B Stage 2 Screening Process, p. 6"
A--Abdullahi-2025,Articles excluded during screening,excluded records,123,,,"Sect. III-B Stage 2 Screening Process, p. 6"
A--Abdullahi-2025,Records excluded for being written in a language other than English,excluded records,eight,,,"Sect. III-C Stage 3 Eligibility and Quality Assessment, p. 7"
A--Abdullahi-2025,Preliminary Google Scholar search output after quality filtering,records,"5,850",,,"Sect. III-A-1 Keyword Identification, p. 6"
A--Abdullahi-2025,Included studies published in journals,studies,N = 46,,,"Sect. IV-A Characteristics of the Selected Studies, p. 9"
A--Abdullahi-2025,Included studies published in conference proceedings,studies,N = 14,,,"Sect. IV-A Characteristics of the Selected Studies, p. 9"
A--Abdullahi-2025,"Included studies published in Expert Systems with Applications, the highest-output journal",publications,five,,,"Sec. IV-A Characteristics of the Selected Studies, p. 9"
A--Abdullahi-2025,"Included studies published in Information Sciences, second-highest journal output",publications,four,,,"Sec. IV-A Characteristics of the Selected Studies, p. 9"
A--Abdullahi-2025,Share of included studies whose ML problem scope is classification (Fig. 7 chart-read proportion),share of studies,60%,,,"Sec. IV-A Characteristics of the Selected Studies, p. 10 (Fig. 7)"
A--Abdullahi-2025,Share of included studies whose ML problem scope is time-series (Fig. 7 chart-read proportion),share of studies,12%,,,"Sec. IV-A Characteristics of the Selected Studies, p. 10 (Fig. 7)"
A--Abdullahi-2025,Share of included studies whose ML problem scope is supervised (Fig. 7 chart-read proportion),share of studies,7%,,,"Sec. IV-A Characteristics of the Selected Studies, p. 10 (Fig. 7)"
A--Abdullahi-2025,Share of included studies whose ML problem scope is imbalance (Fig. 7 chart-read proportion),share of studies,7%,,,"Sec. IV-A Characteristics of the Selected Studies, p. 10 (Fig. 7)"
A--Abdullahi-2025,Share of included studies whose ML problem scope is unsupervised (Fig. 7 chart-read proportion),share of studies,6%,,,"Sec. IV-A Characteristics of the Selected Studies, p. 10 (Fig. 7)"
A--Abdullahi-2025,Share of included studies whose ML problem scope is regression (Fig. 7 chart-read proportion),share of studies,6%,,,"Sec. IV-A Characteristics of the Selected Studies, p. 10 (Fig. 7)"
A--Abdullahi-2025,Share of included studies whose ML problem scope is semi-supervised (Fig. 7 chart-read proportion),share of studies,2%,,,"Sec. IV-A Characteristics of the Selected Studies, p. 10 (Fig. 7)"
A--Abdullahi-2025,Quality scoring scale applied to each screened study during eligibility assessment,score for Yes / Partially / No,1 / 0.5 / 0,,,"Sect. III-C Stage 3 Eligibility and Quality Assessment, p. 7"
A--Abdullahi-2025,Sensor count in the Mica2Dot real temperature dataset used by an included fog-DeepStream study,sensors,54,,,"Sec. VII Discussion, p. 22"
A--Abdullahi-2025,Publication window covered by the review's search strategy,years,2013 – 2024,,,"Sec. III-A-1 Keyword Identification, p. 6"
A--Aldrees-2025,Risk detection accuracy improvement of the proposed CFM-LPA across financed amounts,accuracy improvement,14.03%,,,"Abstract, p. 1"
A--Aldrees-2025,Return rate analysis improvement of the proposed CFM-LPA across financed amounts,return rate improvement,13.28%,,,"Abstract, p. 1"
A--Aldrees-2025,Risk detection analysis improvement of the proposed CFM-LPA for the different interest rates,accuracy improvement,14.82%,,,"Sec. 6 Conclusion, p. 21"
A--Aldrees-2025,Return rate analysis improvement of the proposed CFM-LPA for the different interest rates,return rate improvement,13.63%,,,"Sec. 6 Conclusion, p. 21"
A--Aldrees-2025,"New risk detection, proposed CFM-LPA",accuracy,95.21%,,,"Table 3, p. 21"
A--Aldrees-2025,"New risk detection, FEEM-VO baseline",accuracy,90.32%,,,"Table 3, p. 21"
A--Aldrees-2025,"New risk detection, LightGBM-GAN baseline",accuracy,86.45%,,,"Table 3, p. 21"
A--Aldrees-2025,"New risk detection, SMOTE-ENN baseline",accuracy,80.12%,,,"Table 3, p. 21"
A--Aldrees-2025,"Return rate analysis, proposed CFM-LPA",return rate,0.97,,,"Table 3, p. 21"
A--Aldrees-2025,"Return rate analysis, FEEM-VO baseline",return rate,0.92,,,"Table 3, p. 21"
A--Aldrees-2025,"Return rate analysis, LightGBM-GAN baseline",return rate,0.88,,,"Table 3, p. 21"
A--Aldrees-2025,"Return rate analysis, SMOTE-ENN baseline",return rate,0.81,,,"Table 3, p. 21"
A--Aldrees-2025,"New risk detection by limit category, proposed CFM-LPA",accuracy by loan grade,"A: 90, B: 93, C: 95, D: 96",,,"Table 3, p. 21"
A--Aldrees-2025,"New risk detection by limit category, FEEM-VO baseline",accuracy by loan grade,"A: 86, B: 89, C: 91, D: 93",,,"Table 3, p. 21"
A--Aldrees-2025,"New risk detection by limit category, LightGBM-GAN baseline",accuracy by loan grade,"A: 82, B: 85, C: 88, D: 90",,,"Table 3, p. 21"
A--Aldrees-2025,"New risk detection by limit category, SMOTE-ENN baseline",accuracy by loan grade,"A: 78, B: 80, C: 82, D: 84",,,"Table 3, p. 21"
A--Aldrees-2025,Reliability procedure reported for the accuracy estimates,95% confidence interval half-width for accuracy,± 2.1%,± 2.1%,,"Sec. 5 Results and Discussion, p. 19"
A--Aldrees-2025,Significance testing reported for the comparative results,paired t-test p-value,p < 0.05,,<0.05,"Sec. 5 Results and Discussion, p. 19"
A--Aldrees-2025,Group A (majority) average credit score in the dataset,credit score,720,,,"Sec. 5 Results and Discussion, p. 19"
A--Aldrees-2025,Group A (majority) loan acceptance rate in the dataset,acceptance rate,85%,,,"Sec. 5 Results and Discussion, p. 19"
A--Aldrees-2025,Group A (majority) default rate in the dataset,default rate,5%,,,"Sec. 5 Results and Discussion, p. 19"
A--Aldrees-2025,Group B (minority) average credit score in the dataset,credit score,680,,,"Sec. 5 Results and Discussion, p. 19"
A--Aldrees-2025,Group B (minority) loan approval rate in the dataset,approval rate,65%,,,"Sec. 5 Results and Discussion, p. 19"
A--Aldrees-2025,Group B (minority) default rate in the dataset,default rate,7%,,,"Sec. 5 Results and Discussion, p. 19"
A--Aldrees-2025,Evaluation sample size,records,"32,581",,,"Sec. 3 Data Description, p. 6"
