paper_id,text,locator,module
A--Abdullahi-2025,"This study conducted a Systematic Literature Review (SLR) that classified, identified, and recommended an optimal method for the detection and adaptation of CD in regression and classification tasks involving time-series data.","Abstract, p. 1",model_algorithm_integration
A--Abdullahi-2025,"However, certain limitations exist, and most studies on CD detection and adaptation in time-series data have focused on classification learning, with minimal attention paid to regression learning.","Abstract, p. 1",model_algorithm_integration
A--Abdullahi-2025,60 studies published between 2013 and 2024 were thoroughly surveyed and evaluated using PRISMA guidelines.,"Abstract, p. 1",model_algorithm_integration
A--Abdullahi-2025,"Additionally, the evaluation metric performance for the validation of CD in ML models using benchmark datasets may not accurately reflect real-world industrial data.","Sec. I Introduction, p. 2",model_algorithm_integration
A--Abdullahi-2025,"A comparative review of existing CD detection approaches based on accuracy, adaptability, and computational efficiency was conducted by synthesizing recent developments and identifying research gaps.","Sec. I Introduction, p. 2",model_algorithm_integration
A--Abdullahi-2025,"These approaches maintain a set of competing models, allowing dynamic selection of the most relevant hypothesis based on the current input.","Sec. II Related Reviews, p. 3",model_algorithm_integration
A--Abdullahi-2025,This indicates that most advancements in CD detection and adaptation can be attributed to the focus on classification problems within time-series contexts.,"Sec. IV-A Characteristics of the Selected Studies, p. 10",model_algorithm_integration
A--Abdullahi-2025,"In addition, most studies have employed SVM and LSTM models for CD detection and adaptation because of their ability to handle dynamic data shifts.","Sec. IV-A Characteristics of the Selected Studies, p. 11",model_algorithm_integration
A--Abdullahi-2025,Metrics such as MSE and MAE are employed in time-series forecasting because of their accurate measurement of error magnitude over time.,"Sec. IV-B-2 Summary of Studies Based on Model Performance, p. 12",model_algorithm_integration
A--Abdullahi-2025,"For example, abrupt increases in error rates, such as the mean squared error (MSE), classification error, or abrupt decreases in confidence scores, indicate drift.","Sec. IV-B-2 Summary of Studies Based on Model Performance, p. 12",model_performance_evaluation
A--Abdullahi-2025,"the SVM and k-NN models are robust against feature-based changes, whereas LSTM captures temporal dependencies, making them appropriate options for various types of drifts in time-series applications.","Sec. V-B RQ2, p. 16",model_algorithm_integration
A--Abdullahi-2025,"Temporal trends frequently exhibit trends, seasonality, and autocorrelations.","Sec. V-D RQ4, p. 17",model_algorithm_integration
A--Abdullahi-2025,"However, standard drift detection techniques such as Page-Hinkley, ADWIN, DDM, and EDDM have been used as baselines.","Sec. VI-B-4 Baseline Methods, p. 21",model_algorithm_integration
A--Abdullahi-2025,The Intel Berkeley Research Lab provided real temperature data from 54 Mica2Dot sensors that contained weather plates.,"Sec. VII Discussion, p. 22",model_algorithm_integration
A--Abdullahi-2025,"For example, ADWIN dynamically adjusts the window size based on variations in the observed data.","Sec. VIII-B Selecting Appropriate Window Sizes, p. 23",model_algorithm_integration
A--Abdullahi-2025,The OAR-DLSTM method assigns prediction tasks to multiple sub-models based on recurring concepts to manage hybrid recurring drifts in industrial processes,"Sec. VIII-C Handling Different Drift Types, p. 23",model_algorithm_integration
A--Abdullahi-2025,"The lesson learned is that both data types are important because synthetic data allow rigorous and controlled experimentation, whereas real-world data demonstrate practical applicability and unforeseen challenges.","Sec. VIII-H Real-World Versus Synthetic Data, p. 24",model_algorithm_integration
A--Abdullahi-2025,"However, reliance on simulation datasets may not fully capture real-world scenarios. Moreover, several studies have tested the proposed method using a single dataset, which may limit generalizability.","Sec. IX Conclusion and Future Directions, p. 24",model_algorithm_integration
A--Abdullahi-2025,"Finally, this study was unable to investigate other approaches to CD detection, such as similarity and dissimilarity-based methods, using time-series data.","Sec. IX Conclusion and Future Directions, p. 24",model_algorithm_integration
A--Abdullahi-2025,"Most existing methods in the literature require training models after drift detection, which can be time-consuming and disruptive in real-world scenarios","Sec. IX Future Directions, p. 25",model_algorithm_integration
A--Aldrees-2025,This article introduces a Collaborative Filtering Method using Lending Pattern Analysis (CFM-LPA).,"Abstract, p. 1",model_algorithm_integration
A--Aldrees-2025,The proposed method enhances risk detection accuracy by 14.03% and improves return rate analysis by 13.28% across financed amounts.,"Abstract, p. 1",model_algorithm_integration
A--Aldrees-2025,The proposed method improves the risk detection analysis by 14.82% and return rate analysis by 13.63% for the different interest rates.,"Sec. 6 Conclusion, p. 21",model_algorithm_integration
A--Aldrees-2025,"Data shortage, borrower variety, and privacy issues contribute to micro-lending platforms’ ongoing struggles with proper credit risk assessment.","Sec. 1.1 Research Gap, p. 2",savings_debt_management
A--Aldrees-2025,"Due to security concerns and a lack of flexibility for changing financial patterns, traditional credit scoring algorithms often depend on centralized data collecting.","Sec. 1.1 Research Gap, p. 2",model_algorithm_integration
A--Aldrees-2025,"The above data are provided for 32,581 record sets as collected from the dataset.","Sec. 3 Data Description, p. 6",model_algorithm_integration
A--Aldrees-2025,"Research on the combination of federated learning with collaborative filtering for customized credit risk prediction is still in its early stages, but it provides a privacy-preserving option.","Sec. 2 Related Works, p. 6",model_algorithm_integration
A--Aldrees-2025,CFM enhances lending decisions through federated learning without exchanging borrower-specific data directly to maintain privacy.,"Sec. 4.1 Collaborative Filtering, p. 10",model_algorithm_integration
A--Aldrees-2025,A borrower with irregular repayment and behaviour patterns leads to abnormal patterns and indicates a potential risk during lending.,"Sec. 4.1 Collaborative Filtering, p. 12",rule_based_classification
A--Aldrees-2025,One possible source of bias in the dataset is the difference between Group A (the majority) and Group B (the minority).,"Sec. 5 Results and Discussion, p. 19",model_algorithm_integration
A--Aldrees-2025,A borrower with predictable and stable financial behaviour will have a low occurrence of new risk,"Sec. 5 Results and Discussion, p. 20",rule_based_classification
A--Aldrees-2025,"As data distributions vary over time, a phenomenon known as model drift occurs, and the prediction performance continues to decline.","Sec. 5 Results and Discussion, p. 20",model_algorithm_integration
A--Aldrees-2025,"However, the model’s reliance on collaborative filtering may introduce biases if the available lending data is sparse or imbalanced, potentially leading to inaccurate risk predictions for new or underrepresented borrowers.","Sec. 6 Conclusion, pp. 21-22",model_algorithm_integration
A--Aldrees-2025,"Federated learning ensures data privacy; it requires significant computational resources and robust synchronization across multiple lending institutions, which may pose scalability challenges.","Sec. 6 Conclusion, p. 22",model_algorithm_integration
